{"cameraMode":{"drawMode":0,"name":"Shaded","section":"Shading Mode"},"sceneLighting":true,"audioPlay":false,"sceneViewState":{"showFog":true,"showMaterialUpdate":true,"showSkybox":true,"showFlares":true,"showImageEffects":true,"showParticleSystems":true},"in2DMode":false,"pivot":{"x":-36.22378921508789,"y":3.1546289920806886,"z":-338.89581298828127},"rotation":{"x":0.17000845074653626,"y":-0.5421944856643677,"z":0.11291053146123886,"w":0.815270721912384},"size":32.70458984375,"orthographic":false}