{"cameraMode":{"drawMode":0,"name":"Shaded","section":"Shading Mode"},"sceneLighting":true,"audioPlay":false,"sceneViewState":{"showFog":true,"showMaterialUpdate":true,"showSkybox":true,"showFlares":true,"showImageEffects":true,"showParticleSystems":true},"in2DMode":false,"pivot":{"x":-75.59756469726563,"y":5.121685981750488,"z":-271.12109375},"rotation":{"x":0.1853507161140442,"y":-0.6190072298049927,"z":0.15344831347465516,"w":0.7476716637611389},"size":7.559703350067139,"orthographic":false}