{"cameraMode":{"drawMode":0,"name":"Shaded","section":"Shading Mode"},"sceneLighting":true,"audioPlay":false,"sceneViewState":{"showFog":true,"showMaterialUpdate":true,"showSkybox":true,"showFlares":true,"showImageEffects":true,"showParticleSystems":true},"in2DMode":false,"pivot":{"x":-16.399999618530275,"y":50.5,"z":-16.200000762939454},"rotation":{"x":0.03268992528319359,"y":0.9674813747406006,"z":-0.18206538259983064,"w":0.17404723167419434},"size":132.71441650390626,"orthographic":false}