{"cameraMode":{"drawMode":0,"name":"Shaded","section":"Shading Mode"},"sceneLighting":true,"audioPlay":false,"sceneViewState":{"showFog":true,"showMaterialUpdate":true,"showSkybox":true,"showFlares":true,"showImageEffects":true,"showParticleSystems":true},"in2DMode":false,"pivot":{"x":-76.33390808105469,"y":0.4404205083847046,"z":-273.13531494140627},"rotation":{"x":0.3867396116256714,"y":-0.305850088596344,"z":0.13769181072711945,"w":0.8590856194496155},"size":40.180938720703128,"orthographic":false}