{"cameraMode":{"drawMode":0,"name":"Shaded","section":"Shading Mode"},"sceneLighting":true,"audioPlay":false,"sceneViewState":{"showFog":true,"showMaterialUpdate":true,"showSkybox":true,"showFlares":true,"showImageEffects":true,"showParticleSystems":true},"in2DMode":false,"pivot":{"x":-23.973722457885743,"y":66.77677917480469,"z":-265.15338134765627},"rotation":{"x":-0.19530874490737916,"y":0.6947265863418579,"z":-0.20436438918113709,"w":-0.6618689894676209},"size":10.188631057739258,"orthographic":false}