{"cameraMode":{"drawMode":0,"name":"Shaded","section":"Shading Mode"},"sceneLighting":true,"audioPlay":false,"sceneViewState":{"showFog":true,"showMaterialUpdate":true,"showSkybox":true,"showFlares":true,"showImageEffects":true,"showParticleSystems":true},"in2DMode":false,"pivot":{"x":-99.4000015258789,"y":0.0,"z":-179.10000610351563},"rotation":{"x":0.03268992528319359,"y":0.9674813747406006,"z":-0.18206538259983064,"w":0.17404723167419434},"size":35.840362548828128,"orthographic":false}