{"cameraMode":{"drawMode":0,"name":"Shaded","section":"Shading Mode"},"sceneLighting":true,"audioPlay":false,"sceneViewState":{"showFog":true,"showMaterialUpdate":true,"showSkybox":true,"showFlares":true,"showImageEffects":true,"showParticleSystems":true},"in2DMode":false,"pivot":{"x":-29.073678970336915,"y":2.784461498260498,"z":-195.11123657226563},"rotation":{"x":-0.10806634277105332,"y":0.8918828964233398,"z":-0.2904548645019531,"w":-0.33029499650001528},"size":21.065439224243165,"orthographic":false}