{"cameraMode":{"drawMode":0,"name":"Shaded","section":"Shading Mode"},"sceneLighting":true,"audioPlay":false,"sceneViewState":{"showFog":true,"showMaterialUpdate":true,"showSkybox":true,"showFlares":true,"showImageEffects":true,"showParticleSystems":true},"in2DMode":false,"pivot":{"x":-104.12213897705078,"y":0.9140343070030212,"z":-237.54531860351563},"rotation":{"x":-0.24518606066703797,"y":0.30127906799316409,"z":-0.08047125488519669,"w":-0.9179831147193909},"size":20.6622314453125,"orthographic":false}