{"cameraMode":{"drawMode":0,"name":"Shaded","section":"Shading Mode"},"sceneLighting":true,"audioPlay":false,"sceneViewState":{"showFog":true,"showMaterialUpdate":true,"showSkybox":true,"showFlares":true,"showImageEffects":true,"showParticleSystems":true},"in2DMode":false,"pivot":{"x":-73.00869750976563,"y":2.649481773376465,"z":-274.88494873046877},"rotation":{"x":-0.15176139771938325,"y":0.6600002646446228,"z":-0.13860538601875306,"w":-0.722644567489624},"size":12.274160385131836,"orthographic":false}