{"cameraMode":{"drawMode":0,"name":"Shaded","section":"Shading Mode"},"sceneLighting":true,"audioPlay":false,"sceneViewState":{"showFog":true,"showMaterialUpdate":true,"showSkybox":true,"showFlares":true,"showImageEffects":true,"showParticleSystems":true},"in2DMode":false,"pivot":{"x":-66.03659057617188,"y":3.3399996757507326,"z":-293.5400085449219},"rotation":{"x":-0.2236795723438263,"y":0.25642919540405276,"z":-0.06115766614675522,"w":-0.9384176731109619},"size":16.744462966918947,"orthographic":false}