{"cameraMode":{"drawMode":0,"name":"Shaded","section":"Shading Mode"},"sceneLighting":true,"audioPlay":false,"sceneViewState":{"showFog":true,"showMaterialUpdate":true,"showSkybox":true,"showFlares":true,"showImageEffects":true,"showParticleSystems":true},"in2DMode":false,"pivot":{"x":-32.349517822265628,"y":11.125267028808594,"z":-270.5261535644531},"rotation":{"x":-0.29924821853637698,"y":0.6468551158905029,"z":-0.3064245283603668,"w":-0.6313717365264893},"size":47.03757858276367,"orthographic":false}